<!DOCTYPE struts PUBLIC
"-//Apache Software Foundation//DTD Struts Configuration 2.0//EN"
"http://struts.apache.org/dtds/struts-2.0.dtd">

<struts>
    <!-- Configuration for the default package. -->
    <package name="default" extends="struts-default">
        <!-- This interceptor stops a user from hacking the session object --> 
        <interceptors>
            <interceptor-stack name="appDefault">
                <interceptor-ref name="defaultStack">
                    <param name="exception.logEnabled">true</param>
                    <param name="exception.logLevel">ERROR</param>
                    <param name="params.excludeParams">dojo\..*,^struts\..*,^session\..*,^request\..*,^application\..*,^servlet(Request|Response)\..*,parameters\...*</param>
                </interceptor-ref>
            </interceptor-stack>
        </interceptors>
        <default-interceptor-ref name="appDefault" />
        <!-- The Actions begin here -->
        <action name="viewpost" class="action.FetchPost">
            <result name="success">post.jsp?postId=%{postId}</result>
        </action>
        <action name="submitComment" class="action.SubmitComment">
            <result name="success">post.jsp?postId=%{postId}</result>
        </action>
        <action name="upvote" class="ajax.UpVoting">
            <result name="success" type="stream"></result>
            <result name="error">error.jsp</result>
        </action>
        <action name="downvote" class="ajax.DownVoting">
            <result name="success" type="stream"></result>
            <result name="error">error.jsp</result>
        </action>
        <action name="home" class="action.FetchHomePage">
            <result name="success">home.jsp</result>
            <result name="error">error.jsp</result>
        </action>
        <action name="register_user" class="com.opensymphony.xwork2.ActionSupport">
            <result>/register.jsp</result>
        </action>
        <action name="LoginAction" class="action.LoginAction">
            <result name="success" type="redirectAction">home</result>
            <result name="input">login.jsp</result>
        </action>
        <action name="RegisterAction" class="action.RegisterAction">
            <result name="success">home.jsp</result>
            <result name="input">register.jsp</result>
            <result name="failure">error.jsp</result>
        </action>
        <action name="sign_in" class="com.opensymphony.xwork2.ActionSupport">
            <result>/login.jsp</result>
        </action>
        <action name="addNewNotes" class="com.opensymphony.xwork2.ActionSupport">
            <result name="success">upload.jsp</result>
        </action>
        <action name="uploadToServer" class="action.Upload">
            <result name="success" type="redirectAction">viewpost?postId=%{upLoadedPostId}</result>
        </action>
        <action name="profile" class="action.FetchProfile">
            <result name="success">profile.jsp</result>
            <result name="input">login.jsp</result>
        </action>
        <action name="Search" class="com.opensymphony.xwork2.ActionSupport">
            <result name="success">search.jsp</result>
        </action>
        <action name="SearchAction" class="action.SearchAction">
            <result name="success">search.jsp</result>
        </action>
        <action name="editProfile" class="action.EditProfile">
            <result name="success">profile.jsp</result>
            <result name="input">edit.jsp</result>
            <result name="failure">error.jsp</result>
        </action>
        <action name="edit_profile" class="com.opensymphony.xwork2.ActionSupport">
            <result name="success">edit.jsp</result>
        </action>
        <action name="cancelEdit" class="com.opensymphony.xwork2.ActionSupport">
            <result name="success">profile.jsp</result>
        </action>
        <action name="about" class="com.opensymphony.xwork2.ActionSupport">
            <result name="success">about.jsp</result>
        </action>
        <action name="Logout" class="com.opensymphony.xwork2.ActionSupport">
            <result name="success">login.jsp</result>
        </action>
    </package>
</struts>
